name,address,email,phone
Uma Rios,"413-2451 Lobortis, Rd.",augue.ac@hotmail.couk,(836) 811-6616
Herman Patel,2877 Nec Avenue,adipiscing.lacus.ut@protonmail.net,(221) 605-4530
Fritz Mckee,Ap #350-8665 Ultricies Av.,placerat.velit@protonmail.com,(424) 937-3765
Robert Melendez,Ap #988-4035 Mi St.,sodales.elit@outlook.com,(751) 973-6476
Calista Carter,Ap #891-4549 Massa. St.,tristique.neque@hotmail.org,(235) 444-8645
Maris Patrick,799-5917 Erat St.,purus.in@yahoo.net,1-216-210-2453
Elliott Holmes,"P.O. Box 673, 5284 Dictum Rd.",a@yahoo.edu,1-498-278-1558
Grant Hodge,5182 Penatibus St.,placerat@hotmail.net,1-668-811-3565
James Monroe,"P.O. Box 751, 1762 Cursus Avenue",pede@protonmail.com,1-400-336-6506
Gavin Osborn,Ap #458-8430 Rutrum Rd.,eros.non.enim@icloud.edu,(645) 267-2154
Sandra O'donnell,Ap #271-6656 Sollicitudin Street,sem.mollis@protonmail.edu,(633) 561-2222
Vance Sellers,771-1102 Sollicitudin Rd.,dui.fusce.diam@hotmail.couk,1-946-737-5281
Kaseem Key,Ap #788-4844 Curabitur Road,in.consequat@icloud.net,1-323-567-8621
Bianca Mcintyre,8480 Amet Avenue,in.lorem.donec@aol.ca,(764) 385-4170
Reese Newman,987-6959 Interdum. Road,dictum.eu@aol.edu,(573) 457-2876
Leo Ochoa,1846 Quam Road,placerat@hotmail.com,1-703-319-7464
Brenda Booker,9014 A Road,tellus@google.net,1-388-313-1996
Wesley Mcbride,"P.O. Box 333, 4806 Dignissim Rd.",luctus.sit@outlook.org,(463) 754-2505
Bethany Shannon,8197 Et Avenue,et.magnis@aol.edu,(745) 151-1748
Rashad Randolph,Ap #415-3325 Dapibus Rd.,mattis.semper@google.couk,(136) 311-1164
Dora Diaz,6564 Proin Street,maecenas.libero.est@google.couk,1-445-247-4964
Latifah Reed,Ap #397-8170 Libero St.,metus.in.lorem@outlook.ca,1-832-643-6786
Kaye Mitchell,915-3764 Est St.,nullam.velit.dui@aol.couk,(430) 249-1364
Kato Langley,"P.O. Box 496, 3880 Arcu. Ave",vestibulum.ante.ipsum@aol.com,(619) 782-3186
Tamekah Brooks,"P.O. Box 477, 2673 Primis Rd.",a.dui@protonmail.com,(314) 352-5426
John O'Neill,6601 Eget Road,phasellus.fermentum@hotmail.com,1-781-822-4103
Hamilton Palmer,"P.O. Box 250, 9100 Nunc Rd.",massa.non@google.net,(746) 275-2337
Sheila Mcintosh,"4491 Vitae, Ave",nunc.pulvinar@hotmail.ca,(975) 531-7436
Castor Robertson,287 Velit. Avenue,id.ante@hotmail.com,1-406-523-1871
Harrison Day,"P.O. Box 462, 1623 Nec Street",nulla.integer.vulputate@icloud.edu,(873) 788-9710
Channing Richards,Ap #622-3257 Ultricies Road,suspendisse.sed.dolor@protonmail.couk,1-762-979-5720
Bryar Parks,"P.O. Box 113, 6239 Augue St.",mauris.non@protonmail.net,1-648-738-4794
Cullen Walsh,"P.O. Box 778, 5296 A Av.",enim@icloud.couk,(712) 943-2762
Jameson Wallace,"P.O. Box 101, 7533 Senectus Street",dui.nec@yahoo.net,1-152-482-1963
Yoshio Gill,"P.O. Box 352, 7387 Quisque Ave",orci.ut@protonmail.com,(626) 124-2043
Debra Wise,Ap #715-6617 Dolor Street,vel.nisl.quisque@aol.edu,(811) 308-2587
Walter Chang,"319-379 Mi, Rd.",interdum@aol.ca,(635) 457-8823
Susan Simmons,8059 Dui Av.,amet.luctus.vulputate@google.ca,1-897-878-2723
Noelani Oneil,106-627 Consequat St.,ipsum.dolor.sit@aol.org,(710) 187-2256
Bruce Mooney,Ap #373-3604 Mollis. Street,nostra.per@aol.com,(675) 372-1176
Brielle Castro,669-6549 Morbi St.,ac.ipsum@yahoo.ca,(740) 362-4105
Yael Velez,578-4253 Justo. Av.,eu.enim.etiam@icloud.ca,(767) 708-7483
Lionel Reid,Ap #639-6437 Dolor. Street,et.rutrum@icloud.couk,(678) 955-5583
Philip Price,9647 Ipsum Road,convallis.convallis@yahoo.ca,1-324-652-0461
Brielle Herman,"2537 Ornare, St.",ipsum.primis@hotmail.org,1-614-767-1851
Linda Hart,6183 Nisl Rd.,ac@aol.net,(758) 738-8672
Hoyt Nunez,Ap #723-4802 Curae Avenue,aenean.massa@aol.edu,1-403-632-6348
Helen Mclean,129-6019 Tellus Av.,phasellus@outlook.net,1-628-537-7213
Kylie Levy,"Ap #374-4908 Quam, Ave",pellentesque.massa@outlook.com,(387) 415-4632
Ferris Cervantes,Ap #697-9528 Aliquet St.,malesuada@outlook.com,1-236-479-3538
Malcolm Hyde,320-8453 Velit. Avenue,massa@icloud.org,1-111-205-4254
Jamal Parsons,573-117 Senectus Rd.,id@google.net,(513) 848-1824
Lani Ortega,377-9673 Quis Avenue,lacus.ut@protonmail.couk,(801) 923-6268
Reed Wilder,"Ap #486-9308 At, Road",cursus.integer@hotmail.com,(696) 773-5037
Oliver Blankenship,"Ap #854-4643 Sem, Rd.",sem.semper@hotmail.couk,1-298-228-9308
Kelly Vinson,6737 Gravida. Ave,aenean.euismod@yahoo.org,(555) 767-3243
Ashely Morgan,797-3522 Fames Rd.,lobortis.class@yahoo.ca,(343) 698-0617
Erin Torres,"P.O. Box 872, 6711 Feugiat Avenue",risus.donec@aol.net,1-852-835-9403
Carlos Thornton,227-1473 Porttitor Street,sagittis.placerat.cras@yahoo.com,1-127-824-4671
Kevin Serrano,408-7191 Nec Street,aliquam.adipiscing.lobortis@google.ca,(553) 534-2804
Galvin Daniel,Ap #961-2908 Erat St.,nullam@outlook.net,1-485-516-7822
Roth Howe,7445 Morbi Ave,sed.dictum@aol.net,(113) 393-3065
Scott Hartman,"P.O. Box 245, 7116 Amet St.",commodo.hendrerit@hotmail.couk,(836) 763-3572
Griffith Winters,Ap #791-5007 Eget Rd.,non.magna@outlook.edu,1-745-788-9398
Reece Rivers,120-5863 At St.,aenean@google.edu,(841) 768-0531
Bree Owen,Ap #176-5922 Enim Rd.,leo.vivamus.nibh@aol.org,(638) 185-3708
Teagan Head,Ap #915-7067 Laoreet Ave,placerat.augue@aol.net,1-613-182-8301
Judah Branch,"P.O. Box 897, 6495 Aliquet Ave",montes.nascetur@icloud.couk,1-555-600-4713
Liberty Page,"4046 Ornare, Av.",auctor.quis.tristique@hotmail.org,1-517-442-9773
Cassady Underwood,447-3645 Gravida Rd.,fermentum.fermentum@google.com,(813) 856-5256
Beck Holloway,6149 Ac Ave,sagittis.lobortis@hotmail.edu,(503) 606-1859
Leila Logan,"P.O. Box 830, 698 Habitant Rd.",posuere.vulputate@icloud.com,1-379-352-9451
Dawn Rodgers,"P.O. Box 283, 4695 Aliquam St.",semper@icloud.org,1-638-850-8809
Sybill Mcdaniel,5837 Libero. Av.,sit.amet@protonmail.couk,1-867-232-7225
Norman Waller,7360 Neque Street,senectus.et.netus@icloud.com,1-452-216-8119
Latifah Booker,360-8053 Dapibus St.,cubilia.curae.phasellus@hotmail.net,1-615-465-5506
Alisa Osborne,"P.O. Box 434, 7546 Mauris. Ave",vitae.semper@google.org,(716) 111-7225
Ivory Cantu,Ap #512-8744 Lectus Avenue,aliquet.molestie@protonmail.ca,(366) 231-7987
Shafira Carney,Ap #555-4749 Nibh Rd.,semper.auctor@yahoo.couk,1-938-513-2615
Tucker Sanders,Ap #870-162 Donec Rd.,tristique.senectus@outlook.edu,1-607-566-7804
Jaquelyn Le,"Ap #506-313 Egestas, Street",felis.purus.ac@protonmail.net,(227) 715-5459
Hedda Wise,167-9812 Curae Av.,mauris.sapien.cursus@icloud.org,(866) 170-3628
Kai Hawkins,"7087 Suscipit, Ave",posuere.cubilia.curae@protonmail.couk,(277) 572-2391
Keith Delaney,"778-4032 Placerat, Rd.",cras@hotmail.ca,1-756-534-6948
Cade Bradshaw,"P.O. Box 299, 9353 Aliquet. Avenue",aliquet.odio@yahoo.couk,(448) 542-7818
Baker Avery,Ap #146-8548 Sed St.,volutpat.nulla@google.net,(956) 351-3724
Nell Boone,"P.O. Box 918, 6300 Maecenas Rd.",convallis.convallis@icloud.ca,(477) 415-3275
Mia Kinney,"P.O. Box 450, 9508 Risus. St.",etiam.bibendum@hotmail.com,1-869-798-0813
Hyatt Drake,9709 Quisque St.,odio@yahoo.edu,1-868-331-1980
Colby Meadows,711-7689 Sit Ave,eget.nisi@icloud.net,(533) 237-8554
Aileen Cochran,Ap #806-7090 Massa. St.,sed.nunc@aol.couk,1-301-323-0477
Clare Hansen,Ap #987-1774 Non Street,dui.augue@outlook.org,1-788-814-5232
Veda Richard,"P.O. Box 528, 5849 Vestibulum Av.",auctor.nunc@google.org,1-681-363-6861
Jenna Herrera,6458 Ac Rd.,est.ac@protonmail.edu,(243) 677-3406
Angela Duffy,Ap #667-423 Consequat Ave,at@yahoo.edu,(416) 844-3108
Barrett Mcfadden,3445 Et Rd.,ultricies@yahoo.com,(108) 368-3267
Britanney West,"P.O. Box 976, 3279 Arcu. Road",aliquam@hotmail.org,1-455-448-1775
Haviva Cooley,"P.O. Box 578, 8877 Libero Road",sed.pede.nec@aol.couk,(273) 843-5131
Latifah Leblanc,Ap #479-1566 Parturient Rd.,varius.nam.porttitor@protonmail.edu,(572) 547-5575
Connor Marks,Ap #773-2384 Lacus. Road,leo.morbi@aol.com,(433) 308-6684
